,American Falls,Boardman,Connell,Delhi,Park Rapids,Pasco,Richland
October,12.620712365591437,8.553198924731179,13.831130152329704,15.460921146953428,7.027691269841272,14.414645593869624,16.952112903225828
November,12.842540509259317,8.238333333333323,11.922329980842862,14.836843253968317,12.92017874396128,13.210577160493687,18.668486111111115
December,13.021365367383535,7.842608796296295,12.004481738683094,13.996512345679086,13.322306944444374,13.568422839506054,16.453848888888913
