,American Falls,Boardman,Connell,Delhi,Park Rapids,Pasco,Richland
October,11.379287634408628,3.446801075268814,10.168870967741935,8.539078853046584,5.823378726287266,10.51533243727599,7.047887096774206
November,11.15745949074079,5.134722222222219,12.475081018518521,10.15227962962962,14.094530555555567,12.110480555555565,11.55434444444445
December,10.978634632616503,6.9402523894862584,13.544483646953406,11.809491039426527,15.404964157706104,12.182341397849461,10.730767025089612
